timestamp,center_x,center_y,axis_x,axis_y,angle,possible,std,legacy_sequence,legacy_name
1649753722343100,468.83,204.54000000000002,15.58,29.22,-351.0,visible,-1,-1,-1
1649753722363137,467.28,204.67000000000002,15.19,29.22,-351.0,visible,-1,-1,-1
1649753722383153,465.72,204.67000000000002,15.19,29.22,-351.0,visible,-1,-1,-1
1649753722403152,464.16,203.89,15.19,29.22,-351.0,visible,-1,-1,-1
1649753722423168,460.66,208.19,15.80,32.85,-351.0,visible,-1,-1,-1
1649753722443182,458.32,217.54000000000002,15.80,32.85,-351.0,visible,-1,-1,-1
1649753722463208,456.76,220.66000000000003,15.80,32.85,-351.0,visible,-1,-1,-1
1649753722483232,456.37,220.26999999999998,15.80,32.85,-351.0,visible,-1,-1,-1
1649753722503240,455.98,219.88,15.80,32.85,-351.0,visible,-1,-1,-1
1649753722523249,455.98,216.76,16.21,32.99,-351.0,visible,-1,-1,-1
1649753722543270,455.91,216.20999999999998,16.40,33.33,-351.0,visible,-1,-1,-1
1649753722563280,455.83,215.66000000000003,16.58,33.67,-351.0,visible,-1,-1,-1
1649753722583302,455.76,215.12,16.77,34.01,-351.0,visible,-1,-1,-1
1649753722603115,455.68,214.57,16.96,34.35,-351.0,visible,-1,-1,-1
1649753722623122,455.61,214.01999999999998,17.14,34.69,-351.0,visible,-1,-1,-1
1649753722643152,457.17,212.07,17.14,34.69,-351.0,visible,-1,-1,-1
1649753722663168,458.72,210.12,17.14,34.69,-351.0,visible,-1,-1,-1
1649753722683188,459.50,208.56,17.14,34.69,-351.0,visible,-1,-1,-1
1649753722703203,460.28,205.45,17.14,34.69,-351.0,visible,-1,-1,-1
1649753722723210,462.62,205.44,17.14,34.69,-351.0,visible,-1,-1,-1
1649753722743233,465.36,202.74,16.06,34.11,-351.0,visible,-1,-1,-1
1649753722763255,468.48,201.18,16.06,34.11,-351.0,visible,-1,-1,-1
1649753722783264,469.64,201.12,16.06,34.11,-351.0,visible,-1,-1,-1
1649753722803290,470.80,201.05,16.06,34.11,-351.0,visible,-1,-1,-1
1649753722823284,471.58,198.72000000000003,16.06,34.11,-351.0,visible,-1,-1,-1
1649753722843115,473.14,196.38,16.06,34.11,-351.0,visible,-1,-1,-1
1649753722863113,474.70,196.38,16.06,34.11,-351.0,visible,-1,-1,-1
1649753722883139,477.04,194.04000000000002,16.06,34.11,-351.0,visible,-1,-1,-1
1649753722903145,477.82,194.04000000000002,16.06,34.11,-354.5,visible,-1,-1,-1
1649753722923190,477.04,195.33999999999997,16.19,34.12,-354.5,visible,-1,-1,-1
1649753722943183,476.26,196.64,16.32,34.12,-354.5,visible,-1,-1,-1
1649753722963193,475.48,197.94,16.44,34.13,-354.5,visible,-1,-1,-1
1649753722983238,475.46,195.58999999999997,15.29,34.01,-354.5,visible,-1,-1,-1
1649753723003247,473.90,198.7,15.29,34.01,-354.5,visible,-1,-1,-1
1649753723023271,473.12,200.26,15.29,34.01,-354.5,visible,-1,-1,-1
1649753723043258,472.34,201.82,15.29,34.01,-354.5,visible,-1,-1,-1
1649753723063288,470.76,201.01,15.97,34.55,-354.5,visible,-1,-1,-1
1649753723083296,470.43,199.85000000000002,15.48,33.98,-354.5,visible,-1,-1,-1
1649753723103114,470.43,199.85000000000002,15.54,33.98,-354.5,visible,-1,-1,-1
1649753723123127,470.43,199.85000000000002,15.61,33.99,-354.5,visible,-1,-1,-1
1649753723143137,470.43,199.85000000000002,15.68,33.99,-354.5,visible,-1,-1,-1
1649753723163154,470.43,199.85000000000002,15.74,34.00,-354.5,visible,-1,-1,-1
1649753723183185,470.43,199.85000000000002,15.81,34.01,-354.5,visible,-1,-1,-1
1649753723203187,470.43,199.85000000000002,15.87,34.01,-354.5,visible,-1,-1,-1
1649753723223220,471.22,201.82,17.02,34.50,-354.5,visible,-1,-1,-1
1649753723243228,470.44,204.16000000000003,17.02,34.50,-354.5,visible,-1,-1,-1
1649753723263234,468.10,204.94,17.02,34.50,-354.5,visible,-1,-1,-1
1649753723283251,466.52,206.08999999999997,17.34,34.95,-351.6,visible,-1,-1,-1
1649753723303271,465.55,206.07999999999998,17.74,35.01,-351.6,visible,-1,-1,-1
1649753723323296,464.58,206.07999999999998,18.13,35.07,-351.6,visible,-1,-1,-1
1649753723343296,462.24,207.63,19.29,35.35,-346.5,visible,-1,-1,-1
1649753723363116,459.90,207.63,19.29,35.35,-346.5,visible,-1,-1,-1
1649753723383136,457.56,207.66000000000003,20.40,35.61,-346.5,visible,-1,-1,-1
1649753723403149,455.21,209.58999999999997,20.69,36.10,-344.3,visible,-1,-1,-1
1649753723423170,452.26,208.45999999999998,21.35,36.67,-344.3,visible,-1,-1,-1
1649753723443179,448.36,208.45999999999998,21.35,36.67,-344.3,visible,-1,-1,-1
1649753723463191,445.98,210.42000000000002,20.85,35.70,-342.9,visible,-1,-1,-1
1649753723483209,444.42,212.75,20.85,35.70,-342.9,visible,-1,-1,-1
1649753723503235,442.47,211.95,21.24,37.03,-342.9,visible,-1,-1,-1
1649753723523246,440.91,211.95,21.24,37.03,-342.9,visible,-1,-1,-1
1649753723543257,440.45,212.0,21.24,37.03,-342.9,visible,-1,-1,-1
1649753723563277,439.99,212.04000000000002,21.24,37.03,-342.9,visible,-1,-1,-1
1649753723583289,439.53,212.08999999999997,21.24,37.03,-342.9,visible,-1,-1,-1
1649753723603110,439.07,212.14,21.24,37.03,-342.9,visible,-1,-1,-1
1649753723623123,438.60,212.18,21.24,37.03,-342.9,visible,-1,-1,-1
1649753723643138,437.83,212.95999999999998,21.24,37.03,-342.9,visible,-1,-1,-1
1649753723663151,438.13,213.82999999999998,20.65,36.88,-341.63,visible,-1,-1,-1
1649753723683192,438.44,214.7,20.05,36.73,-340.37,visible,-1,-1,-1
1649753723703195,438.74,215.57,19.46,36.58,-339.1,visible,-1,-1,-1
1649753723723215,441.83,216.89999999999998,19.43,36.74,-342.0,visible,-1,-1,-1
1649753723743219,446.68,217.10000000000002,20.04,36.95,-344.2,visible,-1,-1,-1
1649753723763264,449.02,219.44,20.04,36.95,-344.2,visible,-1,-1,-1
1649753723783261,449.46,220.70999999999998,19.33,35.86,-342.83,visible,-1,-1,-1
1649753723803272,449.90,221.97000000000003,18.62,34.78,-341.47,visible,-1,-1,-1
1649753723823217,450.34,223.24,17.91,33.69,-340.1,visible,-1,-1,-1
1649753723843246,450.78,224.51,17.20,32.61,-338.73,visible,-1,-1,-1
1649753723863258,451.22,225.78,16.49,31.53,-337.37,visible,-1,-1,-1
1649753723883274,451.66,227.05,15.78,30.44,-336.0,visible,-1,-1,-1
1649753723903305,453.82,236.24,22.15,33.29,-342.3,visible,-1,-1,-1
1649753723923115,458.50,236.24,22.15,33.29,-342.3,visible,-1,-1,-1
1649753723943123,462.39,231.56,22.15,33.29,-348.0,visible,-1,-1,-1
1649753723963146,464.81,230.44,20.80,34.67,-354.3,visible,-1,-1,-1
1649753723983174,467.15,229.66,20.80,34.67,-354.3,visible,-1,-1,-1
1649753724003168,467.11,222.49,19.19,34.67,-354.3,visible,-1,-1,-1
1649753724023193,469.07,220.04000000000002,18.43,34.67,-354.3,visible,-1,-1,-1
1649753724043204,469.85,216.14,18.43,34.67,-354.3,visible,-1,-1,-1
1649753724063222,471.41,212.24,18.06,34.67,-354.3,visible,-1,-1,-1
1649753724083254,471.41,206.79000000000002,18.06,34.67,-354.3,visible,-1,-1,-1
1649753724103249,471.41,204.83999999999997,18.06,34.67,-354.3,visible,-1,-1,-1
1649753724123273,471.41,202.89,18.06,34.67,-354.3,visible,-1,-1,-1
1649753724143304,472.19,200.55,18.06,34.67,-354.3,visible,-1,-1,-1
1649753724163103,471.41,196.66000000000003,18.06,34.67,-354.3,visible,-1,-1,-1
1649753724183135,472.19,195.10000000000002,18.06,34.67,-354.3,visible,-1,-1,-1
1649753724203137,471.80,193.57999999999998,18.65,34.67,-354.3,visible,-1,-1,-1
1649753724223172,471.41,192.06,19.24,34.67,-354.3,visible,-1,-1,-1
1649753724243167,469.85,192.06,19.24,34.67,-354.3,visible,-1,-1,-1
1649753724263176,469.85,190.5,19.24,34.67,-354.3,visible,-1,-1,-1
1649753724283201,469.92,189.25,19.24,33.86,-357.0,visible,-1,-1,-1
1649753724303237,469.95,188.67000000000002,19.24,33.28,-357.0,visible,-1,-1,-1
1649753724323233,469.98,188.08999999999997,19.25,32.70,-357.0,visible,-1,-1,-1
1649753724343239,469.90,187.10000000000002,19.63,33.02,-357.66,visible,-1,-1,-1
1649753724363266,469.82,186.11,20.02,33.33,-358.32,visible,-1,-1,-1
1649753724383303,469.10,184.60000000000002,20.41,33.65,-358.98,visible,-1,-1,-1
1649753724403103,468.37,184.64999999999998,20.80,33.97,-359.64,visible,-1,-1,-1
1649753724423113,468.42,180.01999999999998,21.19,34.28,-0.3,visible,-1,-1,-1
1649753724443149,465.29,149.24,21.55,35.46,-0.3,visible,-1,-1,-1
1649753724463145,464.89,152.0,21.55,33.32,-0.3,visible,-1,-1,-1
1649753724483154,464.49,154.76,21.55,31.19,-0.3,visible,-1,-1,-1
1649753724503175,467.22,181.64999999999998,19.19,28.85,-0.3,visible,-1,-1,-1
1649753724523183,465.65,184.01,19.57,30.01,-0.3,visible,-1,-1,-1
1649753724543208,464.88,185.54000000000002,19.57,30.76,-0.3,visible,-1,-1,-1
1649753724563216,464.87,187.5,19.56,30.95,-0.3,visible,-1,-1,-1
1649753724583238,464.85,189.45999999999998,19.55,31.14,-0.3,visible,-1,-1,-1
1649753724603246,464.07,191.8,19.55,31.14,-0.3,visible,-1,-1,-1
1649753724623263,465.63,195.69,19.55,31.14,-0.3,visible,-1,-1,-1
1649753724643101,464.08,198.81,19.55,31.14,-0.3,visible,-1,-1,-1
1649753724663104,463.68,200.01,19.55,31.16,-358.7,visible,-1,-1,-1
1649753724683116,463.29,201.20999999999998,19.55,31.17,-357.1,visible,-1,-1,-1
1649753724703135,463.64,199.8,19.55,31.95,-358.0,visible,-1,-1,-1
1649753724723164,463.26,203.91000000000003,19.55,31.69,-357.7,visible,-1,-1,-1
1649753724743166,463.28,203.73000000000002,19.55,31.43,-356.1,visible,-1,-1,-1
1649753724763183,464.85,191.07999999999998,19.55,31.17,-0.7,visible,-1,-1,-1
1649753724783208,464.36,189.92000000000002,18.53,33.42,-4.5,visible,-1,-1,-1
1649753724803217,463.65,189.5,18.75,34.12,-1.1,visible,-1,-1,-1
1649753724823238,464.81,189.93,19.55,33.51,-1.1,visible,-1,-1,-1
1649753724843261,464.94,189.67000000000002,19.29,33.52,-1.1,visible,-1,-1,-1
1649753724863265,465.07,189.41000000000003,19.04,33.53,-1.1,visible,-1,-1,-1
1649753724883281,465.20,189.16000000000003,18.78,33.54,-1.1,visible,-1,-1,-1
1649753724903111,465.39,188.57999999999998,18.39,32.97,-1.1,visible,-1,-1,-1
1649753724923110,465.57,188.0,17.99,32.39,-1.1,visible,-1,-1,-1
1649753724943127,465.97,189.92000000000002,17.78,29.18,-358.35,visible,-1,-1,-1
1649753724963142,466.37,191.85000000000002,17.57,25.96,-355.6,visible,-1,-1,-1
1649753724983169,454.69,210.66000000000003,21.60,30.79,-172.9,visible,-1,-1,-1
1649753725003193,441.87,230.8,23.75,38.12,-341.2,visible,-1,-1,-1
1649753725023190,428.63,246.78,24.60,40.46,-333.4,visible,-1,-1,-1
1649753725043200,415.70,258.58000000000004,26.82,38.86,-325.7,visible,-1,-1,-1
1649753725063223,413.92,259.3,25.65,38.86,-331.7,visible,-1,-1,-1
1649753725083247,420.69,254.61,23.10,34.46,-338.2,visible,-1,-1,-1
1649753725103254,426.92,246.82,23.10,34.46,-338.2,visible,-1,-1,-1
1649753725123268,433.93,244.48,23.10,34.46,-341.0,visible,-1,-1,-1
1649753725143290,438.61,237.47,23.10,34.46,-341.0,visible,-1,-1,-1
1649753725163110,444.87,228.1,21.01,34.46,-341.0,visible,-1,-1,-1
1649753725183112,449.25,224.38,19.51,34.46,-347.5,visible,-1,-1,-1
1649753725203156,447.01,229.38,19.51,27.22,-347.5,visible,-1,-1,-1
1649753725223150,418.20,253.16,23.43,29.30,-347.5,visible,-1,-1,-1
1649753725243181,395.60,272.62,28.57,36.53,-335.5,visible,-1,-1,-1
1649753725263186,381.98,283.91999999999996,29.12,36.34,-333.0,visible,-1,-1,-1
1649753725283201,368.94,295.59000000000003,29.12,35.18,-323.1,visible,-1,-1,-1
1649753725303216,359.42,303.76,28.59,36.08,-310.5,visible,-1,-1,-1
1649753725323248,359.10,304.65999999999997,28.36,34.95,-310.5,visible,-1,-1,-1
1649753725343261,372.71,300.37,24.56,26.90,-310.5,visible,-1,-1,-1
1649753725363262,387.51,293.74,25.98,29.77,-310.5,visible,-1,-1,-1
1649753725383275,398.45,283.26,25.98,33.61,-318.8,visible,-1,-1,-1
1649753725403288,410.14,274.69,25.98,33.61,-318.8,visible,-1,-1,-1
1649753725423144,417.16,270.78999999999996,25.98,33.61,-318.8,visible,-1,-1,-1
1649753725443126,424.17,265.34000000000003,25.98,33.61,-318.8,visible,-1,-1,-1
1649753725463182,441.33,246.25,23.53,35.30,-333.5,visible,-1,-1,-1
1649753725483161,451.21,234.88,21.27,35.30,-343.5,visible,-1,-1,-1
1649753725503167,452.77,230.21,21.27,35.30,-343.5,visible,-1,-1,-1
1649753725523185,455.11,223.2,21.27,35.30,-343.5,visible,-1,-1,-1
1649753725543224,455.48,221.64,20.89,33.60,-345.9,visible,-1,-1,-1
1649753725563232,457.82,217.74,20.89,33.60,-345.3,visible,-1,-1,-1
1649753725583230,459.38,216.18,20.89,33.60,-345.3,visible,-1,-1,-1
1649753725603255,459.48,215.8,20.89,33.41,-345.3,visible,-1,-1,-1
1649753725623264,459.58,215.42000000000002,20.89,33.21,-345.3,visible,-1,-1,-1
1649753725643299,458.94,214.86,20.89,32.83,-347.7,visible,-1,-1,-1
1649753725663102,458.31,214.29000000000002,20.89,32.45,-350.1,visible,-1,-1,-1
1649753725683111,460.64,225.29,17.01,23.57,-335.6,visible,-1,-1,-1
1649753725703136,467.07,255.68,15.24,29.16,-335.6,visible,-1,-1,-1
1649753725723150,463.71,267.2,13.33,31.66,-327.5,visible,-1,-1,-1
1649753725743160,459.41,283.16999999999996,11.01,32.27,-327.5,visible,-1,-1,-1
1649753725763178,458.05,288.55,9.05,32.27,-327.5,visible,-1,-1,-1
1649753725783199,460.83,286.07,8.47,32.27,-327.5,visible,-1,-1,-1
1649753725803214,461.13,282.0,10.23,32.27,-327.5,visible,-1,-1,-1
1649753725823227,462.59,278.68,10.72,32.27,-326.0,visible,-1,-1,-1
1649753725843245,464.04,275.36,11.21,32.27,-324.5,visible,-1,-1,-1
1649753725863262,463.94,275.76,13.35,32.46,-330.5,visible,-1,-1,-1
1649753725883272,466.85,272.15,13.15,34.49,-327.0,visible,-1,-1,-1
1649753725903302,467.11,271.37,13.15,34.49,-327.0,visible,-1,-1,-1
1649753725923109,467.37,270.59000000000003,13.15,34.49,-327.0,visible,-1,-1,-1
1649753725943157,467.63,269.81,13.15,34.49,-327.0,visible,-1,-1,-1
1649753725963144,467.16,270.09000000000003,13.15,34.34,-327.66,visible,-1,-1,-1
1649753725983163,466.69,270.37,13.15,34.20,-328.31,visible,-1,-1,-1
1649753726003195,466.22,270.65,13.15,34.06,-328.97,visible,-1,-1,-1
1649753726023196,465.75,270.93,13.15,33.91,-329.63,visible,-1,-1,-1
1649753726043218,465.29,271.22,13.15,33.77,-330.29,visible,-1,-1,-1
1649753726063215,464.82,271.5,13.15,33.62,-330.94,visible,-1,-1,-1
1649753726083233,464.35,271.78,13.15,33.48,-331.6,visible,-1,-1,-1
1649753726103256,463.72,271.86,13.49,33.48,-331.6,visible,-1,-1,-1
1649753726123278,463.08,271.93,13.83,33.48,-331.6,visible,-1,-1,-1
1649753726143287,462.65,275.9,13.83,32.44,-329.7,visible,-1,-1,-1
1649753726163312,460.31,276.68,13.83,32.44,-329.7,visible,-1,-1,-1
1649753726183140,460.31,277.85,13.83,32.44,-329.7,visible,-1,-1,-1
1649753726203165,460.31,279.02,13.83,32.44,-329.7,visible,-1,-1,-1
1649753726223160,462.25,276.13,13.83,28.57,-333.15,visible,-1,-1,-1
1649753726243167,464.20,273.24,13.83,24.70,-336.6,visible,-1,-1,-1
1649753726263182,481.68,239.9,14.42,37.38,-343.0,visible,-1,-1,-1
1649753726283199,488.69,213.39999999999998,14.42,37.38,-348.2,visible,-1,-1,-1
1649753726303211,491.03,206.39,14.42,37.38,-348.2,visible,-1,-1,-1
1649753726323232,497.24,198.35000000000002,10.56,37.38,-356.1,visible,-1,-1,-1
1649753726343239,499.77,194.01,10.56,35.39,-356.1,visible,-1,-1,-1
1649753726363258,499.88,194.79000000000002,10.56,35.39,-356.1,visible,-1,-1,-1
1649753726383278,499.99,195.56,10.56,35.39,-356.1,visible,-1,-1,-1
1649753726403289,500.10,196.32999999999998,10.56,35.39,-356.1,visible,-1,-1,-1
1649753726423110,500.21,197.10000000000002,10.56,35.39,-356.1,visible,-1,-1,-1
1649753726443121,500.32,197.87,10.56,35.39,-356.1,visible,-1,-1,-1
1649753726463160,500.43,198.64,10.56,35.39,-356.1,visible,-1,-1,-1
1649753726483176,500.54,199.42000000000002,10.56,35.39,-356.1,visible,-1,-1,-1
1649753726503198,498.98,199.42000000000002,10.56,35.39,-356.1,visible,-1,-1,-1
1649753726523189,499.70,199.67000000000002,10.14,33.84,-354.35,visible,-1,-1,-1
1649753726543224,500.41,199.93,9.73,32.29,-352.6,visible,-1,-1,-1
1649753726563221,502.36,197.54000000000002,8.94,32.29,-353.4,visible,-1,-1,-1
1649753726583245,502.10,198.06,8.94,32.29,-353.4,visible,-1,-1,-1
1649753726603261,501.84,198.57999999999998,8.94,32.29,-353.4,visible,-1,-1,-1
1649753726623280,501.58,199.10000000000002,8.94,32.29,-353.4,visible,-1,-1,-1
1649753726643282,501.32,199.62,8.94,32.29,-353.4,visible,-1,-1,-1
1649753726663100,501.06,200.14,8.94,32.29,-353.4,visible,-1,-1,-1
1649753726683142,500.80,200.66000000000003,8.94,32.29,-353.4,visible,-1,-1,-1
1649753726703139,498.86,204.17000000000002,9.13,32.29,-353.4,visible,-1,-1,-1
1649753726723167,496.91,207.67000000000002,9.32,32.29,-353.4,visible,-1,-1,-1
1649753726743159,478.46,215.11,20.57,32.29,-353.4,visible,-1,-1,-1
1649753726763208,460.33,223.95999999999998,27.94,36.90,-341.7,visible,-1,-1,-1
1649753726783189,437.42,235.25,32.24,40.53,-336.5,visible,-1,-1,-1
1649753726803209,414.82,241.49,32.24,40.53,-336.5,visible,-1,-1,-1
1649753726823233,413.26,241.87,32.24,40.53,-336.5,visible,-1,-1,-1
1649753726843247,411.70,242.26,32.24,40.53,-336.5,visible,-1,-1,-1
1649753726863265,414.53,244.58,30.08,40.53,-336.5,visible,-1,-1,-1
1649753726883296,419.99,244.65,26.72,37.30,-336.5,visible,-1,-1,-1
1649753726903101,421.16,244.65,26.72,37.30,-336.5,visible,-1,-1,-1
1649753726923105,422.33,244.66,26.72,37.30,-336.5,visible,-1,-1,-1
1649753726943133,423.77,244.55,26.72,36.92,-336.5,visible,-1,-1,-1
1649753726963153,425.21,244.44,26.72,36.54,-336.5,visible,-1,-1,-1
1649753726983165,425.98,242.1,26.72,36.54,-336.5,visible,-1,-1,-1
1649753727003176,427.56,242.1,24.91,35.77,-336.5,visible,-1,-1,-1
1649753727023196,429.12,241.71,24.91,35.77,-336.5,visible,-1,-1,-1
1649753727043208,430.68,241.32,24.91,35.77,-336.5,visible,-1,-1,-1
1649753727063227,431.85,241.71,24.91,35.77,-336.5,visible,-1,-1,-1
1649753727083255,433.01,242.1,24.91,35.77,-336.5,visible,-1,-1,-1
1649753727103253,434.57,238.2,23.53,36.03,-337.6,visible,-1,-1,-1
1649753727123276,435.74,237.42,23.53,36.03,-339.6,visible,-1,-1,-1
1649753727143297,436.91,236.64,23.53,36.03,-341.6,visible,-1,-1,-1
1649753727163109,435.48,235.48,23.53,36.37,-341.6,visible,-1,-1,-1
1649753727183117,423.45,219.98000000000002,21.86,33.05,-330.8,visible,-1,-1,-1
1649753727203135,412.40,202.94,25.62,33.05,-323.1,visible,-1,-1,-1
1649753727223142,410.91,197.85000000000002,29.33,34.13,-329.0,visible,-1,-1,-1
1649753727243162,411.36,197.38,30.63,35.22,-330.4,visible,-1,-1,-1
1649753727263182,416.81,192.7,30.63,35.22,-330.4,visible,-1,-1,-1
1649753727283192,419.93,196.60000000000002,30.63,35.22,-330.4,visible,-1,-1,-1
1649753727303212,422.27,196.60000000000002,30.63,35.22,-330.4,visible,-1,-1,-1
1649753727323225,424.60,196.60000000000002,30.63,35.22,-330.4,visible,-1,-1,-1
1649753727343249,423.49,198.64,29.79,34.92,-330.4,visible,-1,-1,-1
1649753727363280,424.18,188.01999999999998,27.74,30.88,-330.4,visible,-1,-1,-1
1649753727383275,425.28,155.14,27.02,26.62,-3.5,visible,-1,-1,-1
1649753727403297,425.67,152.42000000000002,28.26,28.10,-3.5,visible,-1,-1,-1
1649753727423112,425.57,150.86,28.26,29.66,-3.5,visible,-1,-1,-1
1649753727443120,427.17,151.36,30.00,30.25,-3.5,visible,-1,-1,-1
1649753727463150,428.77,151.85000000000002,31.75,30.84,-3.5,visible,-1,-1,-1
1649753727483154,426.50,154.64,29.39,32.81,-3.5,visible,-1,-1,-1
1649753727503182,427.28,155.42000000000002,29.39,32.81,-3.5,visible,-1,-1,-1
1649753727523201,426.65,158.43,27.29,32.81,-12.5,visible,-1,-1,-1
1649753727543223,428.53,160.99,28.85,33.25,-12.9,visible,-1,-1,-1
1649753727563217,427.48,160.73000000000002,28.41,32.92,-11.4,visible,-1,-1,-1
1649753727583240,426.43,160.48000000000002,27.96,32.59,-9.9,visible,-1,-1,-1
1649753727603250,427.13,144.95,25.25,25.25,-341.9,visible,-1,-1,-1
1649753727623271,426.33,145.25,26.85,26.98,-344.1,visible,-1,-1,-1
1649753727643282,426.44,144.85000000000002,26.85,26.66,-344.1,visible,-1,-1,-1
1649753727663113,425.90,142.25,29.12,26.66,-344.1,visible,-1,-1,-1
1649753727683113,429.05,144.32,28.64,27.11,-344.1,visible,-1,-1,-1
1649753727703133,432.20,146.39,28.16,27.56,-344.1,visible,-1,-1,-1
1649753727723151,435.35,148.45999999999998,27.67,28.01,-344.1,visible,-1,-1,-1
1649753727743182,438.50,150.54000000000002,27.19,28.46,-344.1,visible,-1,-1,-1
1649753727763189,441.65,152.61,26.71,28.91,-344.1,visible,-1,-1,-1
1649753727783209,446.41,149.18,28.42,28.91,-344.1,visible,-1,-1,-1
1649753727803216,451.07,152.23000000000002,30.66,33.97,-344.1,visible,-1,-1,-1
1649753727823231,448.01,153.11,27.32,33.56,-356.4,visible,-1,-1,-1
1649753727843249,444.95,154.0,23.98,33.15,-8.7,visible,-1,-1,-1
1649753727863267,446.79,158.39999999999998,23.65,32.74,-15.7,visible,-1,-1,-1
1649753727883296,445.24,164.64,23.65,32.74,-15.7,visible,-1,-1,-1
1649753727903103,445.24,167.75,23.65,32.74,-15.7,visible,-1,-1,-1
1649753727923125,444.12,172.44,24.59,33.30,-15.7,visible,-1,-1,-1
1649753727943133,442.15,179.45999999999998,25.02,34.80,-9.2,visible,-1,-1,-1
1649753727963143,445.80,174.37,21.25,31.06,-9.2,visible,-1,-1,-1
1649753727983162,459.05,161.13,21.25,31.06,-9.2,visible,-1,-1,-1
1649753728003189,465.28,151.0,21.25,31.06,-16.0,visible,-1,-1,-1
1649753728023204,473.30,138.20999999999998,16.29,29.01,-16.0,visible,-1,-1,-1
1649753728043209,478.01,141.87,15.44,29.01,-16.0,visible,-1,-1,-1
1649753728063229,478.44,145.52999999999997,15.84,31.17,-16.0,visible,-1,-1,-1
1649753728083252,478.88,149.2,16.25,33.33,-16.0,visible,-1,-1,-1
1649753728103255,475.76,155.43,16.25,33.33,-11.6,visible,-1,-1,-1
1649753728123273,474.98,160.88,16.25,33.33,-11.6,visible,-1,-1,-1
1649753728143101,472.26,167.12,17.24,34.31,-11.6,visible,-1,-1,-1
1649753728163109,470.68,172.57999999999998,18.85,34.39,-11.6,visible,-1,-1,-1
1649753728183125,467.54,174.81,20.01,34.39,-8.2,visible,-1,-1,-1
1649753728203137,469.23,171.83999999999997,18.47,34.39,-8.2,visible,-1,-1,-1
1649753728223151,470.93,168.87,16.93,34.39,-8.2,visible,-1,-1,-1
1649753728243181,471.67,168.64999999999998,15.40,34.39,-8.2,visible,-1,-1,-1
1649753728263204,471.96,170.64999999999998,15.40,32.32,-8.2,visible,-1,-1,-1
1649753728283207,469.22,179.95,16.18,32.32,-8.2,visible,-1,-1,-1
1649753728303214,468.44,180.75,16.60,33.09,-2.8,visible,-1,-1,-1
1649753728323243,467.66,183.08999999999997,16.60,33.09,-2.8,visible,-1,-1,-1
1649753728343281,466.88,186.20999999999998,16.60,33.09,-2.8,visible,-1,-1,-1
1649753728363112,466.51,188.49,17.79,33.09,-0.4,visible,-1,-1,-1
1649753728383100,464.95,191.60000000000002,17.79,33.09,-0.4,visible,-1,-1,-1
1649753728403301,467.30,197.82999999999998,17.79,31.72,-0.4,visible,-1,-1,-1
1649753728423118,469.64,204.06,17.79,30.36,-0.4,visible,-1,-1,-1
1649753728443126,474.77,216.95,16.21,29.20,-353.1,visible,-1,-1,-1
1649753728463144,478.36,220.39999999999998,13.43,29.20,-353.1,visible,-1,-1,-1
1649753728483165,478.51,223.35000000000002,15.01,30.75,-353.1,visible,-1,-1,-1
1649753728503177,478.61,224.24,14.83,31.09,-351.75,visible,-1,-1,-1
1649753728523194,478.72,225.14,14.64,31.44,-350.4,visible,-1,-1,-1
1649753728543207,478.82,226.03,14.45,31.79,-349.05,visible,-1,-1,-1
1649753728563227,478.92,226.92,14.26,32.14,-347.7,visible,-1,-1,-1
1649753728583250,479.67,227.51,15.46,32.14,-347.1,visible,-1,-1,-1
1649753728603276,479.97,227.58,15.24,32.14,-347.1,visible,-1,-1,-1
1649753728623277,480.27,227.65,15.03,32.14,-347.1,visible,-1,-1,-1
1649753728643110,480.58,227.72,14.82,32.14,-347.1,visible,-1,-1,-1
1649753728663105,480.88,227.79,14.61,32.14,-347.1,visible,-1,-1,-1
1649753728683140,474.96,234.42,17.94,32.91,-347.1,visible,-1,-1,-1
1649753728703140,451.84,255.28,20.96,32.91,-326.9,visible,-1,-1,-1
1649753728723194,442.49,251.38,20.96,32.91,-326.9,visible,-1,-1,-1
1649753728743172,432.42,258.96000000000004,21.37,32.91,-326.01,visible,-1,-1,-1
1649753728763204,422.35,266.53999999999996,21.77,32.91,-325.13,visible,-1,-1,-1
1649753728783220,412.28,274.12,22.18,32.91,-324.24,visible,-1,-1,-1
1649753728803247,402.21,281.7,22.59,32.91,-323.36,visible,-1,-1,-1
1649753728823260,392.14,289.27,23.00,32.91,-322.47,visible,-1,-1,-1
1649753728843271,382.07,296.85,23.41,32.91,-321.59,visible,-1,-1,-1
1649753728863301,372.00,304.43,23.82,32.91,-320.7,visible,-1,-1,-1
1649753728883116,373.23,305.59000000000003,25.81,32.91,-316.6,visible,-1,-1,-1
1649753728903126,368.56,304.81,25.81,32.91,-316.6,visible,-1,-1,-1
1649753728923160,357.47,306.51,25.81,32.33,-316.6,visible,-1,-1,-1
1649753728943164,345.98,310.58000000000004,28.53,36.17,-312.2,visible,-1,-1,-1
1649753728963180,352.99,305.53,25.16,31.30,-312.2,visible,-1,-1,-1
1649753728983215,360.00,304.75,25.16,31.30,-312.2,visible,-1,-1,-1
1649753729003212,371.68,300.09000000000003,26.22,32.44,-312.2,visible,-1,-1,-1
1649753729023219,378.70,298.14,26.70,33.59,-312.2,visible,-1,-1,-1
1649753729043264,389.02,295.23,27.23,33.59,-312.2,visible,-1,-1,-1
1649753729063250,395.26,290.56,27.23,33.59,-312.2,visible,-1,-1,-1
1649753729083276,401.49,289.78,27.23,33.59,-317.9,visible,-1,-1,-1
1649753729103305,408.76,283.75,27.23,33.59,-331.3,visible,-1,-1,-1
1649753729123106,411.10,279.85,27.23,33.59,-331.3,visible,-1,-1,-1
1649753729143134,401.36,283.26,19.69,26.94,-336.1,visible,-1,-1,-1
1649753729163135,385.82,286.69,27.38,34.52,-336.1,visible,-1,-1,-1
1649753729183155,386.06,283.78999999999996,27.90,36.17,-328.4,visible,-1,-1,-1
1649753729203166,393.04,282.83000000000004,26.42,34.89,-328.4,visible,-1,-1,-1
1649753729223187,399.37,279.59000000000003,24.49,34.89,-328.4,visible,-1,-1,-1
1649753729243211,404.04,275.69,24.49,34.89,-328.4,visible,-1,-1,-1
1649753729263212,410.55,272.74,25.16,34.89,-328.4,visible,-1,-1,-1
1649753729283219,412.68,272.32,24.83,34.89,-328.4,visible,-1,-1,-1
1649753729303266,413.14,255.47,32.35,39.04,-337.3,visible,-1,-1,-1
1649753729323282,417.82,210.27999999999997,32.35,39.04,-354.5,visible,-1,-1,-1
1649753729343287,419.16,184.29000000000002,33.92,41.38,-354.5,visible,-1,-1,-1
1649753729363293,418.65,179.06,32.45,41.38,-358.8,visible,-1,-1,-1
1649753729383104,421.00,179.11,30.50,41.38,-358.8,visible,-1,-1,-1
1649753729403127,423.76,183.39999999999998,28.05,37.15,-358.8,visible,-1,-1,-1
1649753729423153,425.70,183.82,26.10,36.77,-358.8,visible,-1,-1,-1
1649753729443159,425.74,187.3,26.10,35.20,-358.8,visible,-1,-1,-1
1649753729463166,426.92,187.26999999999998,24.92,35.25,-358.8,visible,-1,-1,-1
1649753729483192,426.89,188.81,24.92,33.71,-358.8,visible,-1,-1,-1
1649753729503216,428.45,190.37,24.92,33.71,-358.8,visible,-1,-1,-1
1649753729523235,426.89,188.81,24.92,33.71,-358.8,visible,-1,-1,-1
1649753729543229,412.89,161.63,28.73,30.23,-358.8,visible,-1,-1,-1
1649753729563246,410.55,161.63,28.73,30.23,-358.8,visible,-1,-1,-1
1649753729583269,410.29,161.12,28.98,30.88,-358.8,visible,-1,-1,-1
1649753729603284,410.04,160.61,29.23,31.53,-358.8,visible,-1,-1,-1
1649753729623103,409.79,160.10000000000002,29.49,32.18,-358.8,visible,-1,-1,-1
1649753729643109,409.78,161.70999999999998,29.88,33.72,-358.8,visible,-1,-1,-1
1649753729663148,410.93,162.11,29.25,34.12,-7.0,visible,-1,-1,-1
1649753729683159,407.81,165.22000000000003,29.25,34.12,-7.0,visible,-1,-1,-1
1649753729703162,406.64,165.22000000000003,29.25,34.12,-7.0,visible,-1,-1,-1
1649753729723181,405.47,165.22000000000003,29.25,34.12,-7.0,visible,-1,-1,-1
1649753729743217,415.69,168.93,23.60,33.28,-7.0,visible,-1,-1,-1
1649753729763208,424.52,181.5,26.41,38.03,-7.0,visible,-1,-1,-1
1649753729783234,419.83,215.39,26.76,38.47,-348.5,visible,-1,-1,-1
1649753729803247,419.06,219.14999999999998,26.76,34.63,-348.5,visible,-1,-1,-1
1649753729823266,416.72,222.26999999999998,26.76,34.63,-348.5,visible,-1,-1,-1
1649753729843272,414.39,223.05,26.76,34.63,-348.5,visible,-1,-1,-1
1649753729863106,412.83,226.17,26.76,34.63,-348.5,visible,-1,-1,-1
1649753729883125,411.27,226.17,26.76,34.63,-348.5,visible,-1,-1,-1
1649753729903136,409.71,228.5,26.76,34.63,-348.5,visible,-1,-1,-1
1649753729923141,408.15,229.28,26.76,34.63,-348.5,visible,-1,-1,-1
1649753729943155,407.37,230.06,26.76,34.63,-348.5,visible,-1,-1,-1
1649753729963197,405.04,233.18,26.76,34.63,-348.5,visible,-1,-1,-1
1649753729983191,403.62,233.37,26.76,34.20,-348.5,visible,-1,-1,-1
1649753730003204,402.21,233.56,26.76,33.77,-348.5,visible,-1,-1,-1
1649753730023212,402.21,235.12,26.76,33.77,-348.5,visible,-1,-1,-1
1649753730043239,411.82,228.62,27.00,33.77,-344.0,visible,-1,-1,-1
1649753730063255,421.43,222.13,27.23,33.77,-339.5,visible,-1,-1,-1
1649753730083262,431.04,215.64,27.46,33.77,-335.0,visible,-1,-1,-1
1649753730103109,452.00,192.52999999999997,27.46,35.93,-335.0,visible,-1,-1,-1
1649753730123304,463.92,175.67000000000002,27.46,35.58,-344.9,visible,-1,-1,-1
1649753730143113,470.19,169.57,25.49,35.58,-356.6,visible,-1,-1,-1
1649753730163135,480.19,160.95999999999998,16.87,31.54,-356.6,visible,-1,-1,-1
1649753730183155,479.52,162.18,19.10,33.69,-353.5,visible,-1,-1,-1
1649753730203163,476.83,165.29000000000002,19.21,35.28,-355.6,visible,-1,-1,-1
1649753730223176,477.74,163.41000000000003,19.04,33.64,-354.5,visible,-1,-1,-1
1649753730243205,479.77,162.39,17.29,32.55,-356.6,visible,-1,-1,-1
1649753730263215,479.04,161.55,18.99,32.60,-0.2,visible,-1,-1,-1
1649753730283235,479.25,163.22000000000003,19.16,33.84,-358.6,visible,-1,-1,-1
1649753730303247,479.18,165.70999999999998,20.10,34.65,-1.9,visible,-1,-1,-1
1649753730323256,480.62,162.16000000000003,16.15,31.28,-1.9,visible,-1,-1,-1
1649753730343294,481.10,162.94,15.75,32.08,-1.9,visible,-1,-1,-1
1649753730363287,481.46,160.97000000000003,15.32,30.52,-1.9,visible,-1,-1,-1
1649753730383115,482.99,159.47000000000003,13.74,29.42,-1.9,visible,-1,-1,-1
1649753730403129,482.99,161.02999999999997,13.74,29.42,-1.9,visible,-1,-1,-1
1649753730423138,482.60,163.45999999999998,15.25,31.06,-1.9,visible,-1,-1,-1
1649753730443167,481.06,165.01999999999998,16.40,32.65,-1.9,visible,-1,-1,-1
1649753730463177,483.47,168.12,16.40,34.57,-1.9,visible,-1,-1,-1
1649753730483183,481.91,172.8,16.40,34.57,-1.9,visible,-1,-1,-1
1649753730503231,481.13,175.92000000000002,16.40,34.57,-1.9,visible,-1,-1,-1
1649753730523223,478.41,176.68,16.79,34.57,-1.9,visible,-1,-1,-1
1649753730543261,477.59,181.76999999999998,16.79,33.43,-1.9,visible,-1,-1,-1
1649753730563247,476.74,174.11,15.46,33.43,-5.85,visible,-1,-1,-1
1649753730583276,475.89,166.45999999999998,14.12,33.43,-9.8,visible,-1,-1,-1
1649753730603305,479.91,148.61,14.12,29.95,-9.8,visible,-1,-1,-1
1649753730623105,479.25,144.79000000000002,14.12,26.47,-9.8,visible,-1,-1,-1
1649753730643116,478.60,145.8,14.64,26.85,-7.43,visible,-1,-1,-1
1649753730663143,477.96,146.81,15.16,27.24,-5.07,visible,-1,-1,-1
1649753730683162,477.32,147.82999999999998,15.68,27.62,-2.7,visible,-1,-1,-1
1649753730703171,477.29,147.89999999999998,16.09,27.64,-2.7,visible,-1,-1,-1
1649753730723210,478.06,150.24,16.09,27.64,-2.7,visible,-1,-1,-1
1649753730743204,475.91,152.17000000000002,17.23,28.56,-8.0,visible,-1,-1,-1
1649753730763207,476.69,153.72000000000003,17.23,28.56,-8.0,visible,-1,-1,-1
1649753730783236,476.69,156.06,17.23,28.56,-8.0,visible,-1,-1,-1
1649753730803245,476.41,156.95999999999998,18.01,29.48,-8.0,visible,-1,-1,-1
1649753730823265,476.58,158.13,18.01,30.66,-8.0,visible,-1,-1,-1
1649753730843273,476.09,160.18,18.43,32.21,-8.0,visible,-1,-1,-1
1649753730863299,473.37,161.55,17.79,31.94,-9.45,visible,-1,-1,-1
1649753730883122,470.65,162.91000000000003,17.16,31.66,-10.9,visible,-1,-1,-1
1649753730903118,455.70,161.82,23.59,32.50,-10.9,visible,-1,-1,-1
1649753730923138,437.87,169.26,30.61,35.65,-13.5,visible,-1,-1,-1
1649753730943157,423.77,174.7,30.17,33.75,-13.5,visible,-1,-1,-1
1649753730963170,425.28,174.93,27.70,33.75,-12.5,visible,-1,-1,-1
1649753730983207,426.79,175.16000000000003,25.22,33.75,-11.5,visible,-1,-1,-1
1649753731003200,428.30,175.39,22.75,33.75,-10.5,visible,-1,-1,-1
1649753731023220,431.42,175.39,22.75,33.75,-7.8,visible,-1,-1,-1
1649753731043243,431.78,175.33999999999997,22.38,33.75,-7.8,visible,-1,-1,-1
1649753731063269,434.90,175.33999999999997,22.38,33.75,-7.8,visible,-1,-1,-1
1649753731083264,437.24,175.33999999999997,22.38,33.75,-7.8,visible,-1,-1,-1
1649753731103282,438.21,174.52999999999997,21.99,33.75,-7.8,visible,-1,-1,-1
1649753731123100,439.18,173.72000000000003,21.60,33.75,-7.8,visible,-1,-1,-1
1649753731143118,440.74,173.72000000000003,21.60,33.75,-7.8,visible,-1,-1,-1
1649753731163147,418.99,199.38,32.37,34.75,-7.8,visible,-1,-1,-1
1649753731183162,399.50,219.63,34.37,36.87,-2.4,visible,-1,-1,-1
1649753731203166,382.90,233.28,36.10,36.87,-349.2,visible,-1,-1,-1
1649753731223182,365.76,248.08,36.10,36.87,-349.2,visible,-1,-1,-1
1649753731243214,360.39,258.72,36.10,32.83,-349.2,visible,-1,-1,-1
1649753731263212,366.74,259.78,30.43,32.83,-349.2,visible,-1,-1,-1
1649753731283233,369.78,260.36,27.74,32.83,-349.2,visible,-1,-1,-1
1649753731303249,372.61,264.3,25.53,32.83,-341.16,visible,-1,-1,-1
1649753731323279,375.44,268.24,23.33,32.83,-333.12,visible,-1,-1,-1
1649753731343105,378.26,272.18,21.12,32.83,-325.08,visible,-1,-1,-1
1649753731363113,381.09,276.12,18.92,32.83,-317.04,visible,-1,-1,-1
1649753731383138,383.92,280.07,16.71,32.83,-309.0,visible,-1,-1,-1
1649753731403162,391.36,286.19,24.14,32.83,-309.0,visible,-1,-1,-1
1649753731423160,393.19,293.3,28.83,32.83,-309.0,visible,-1,-1,-1
1649753731443195,397.14,300.57,30.41,32.83,-309.0,visible,-1,-1,-1
1649753731463212,391.95,304.74,23.22,32.83,-309.0,visible,-1,-1,-1
1649753731483218,393.49,309.94,19.83,32.83,-301.2,visible,-1,-1,-1
1649753731503224,390.37,319.28999999999996,19.83,32.83,-301.2,visible,-1,-1,-1
1649753731523248,395.07,319.69,18.47,31.37,-301.2,visible,-1,-1,-1
1649753731543263,398.18,316.57,18.47,31.37,-301.2,visible,-1,-1,-1
1649753731563287,405.58,313.23,19.99,32.37,-306.2,visible,-1,-1,-1
1649753731583107,411.80,310.37,19.40,35.19,-310.0,visible,-1,-1,-1
1649753731603128,416.71,302.0,21.10,35.19,-316.1,visible,-1,-1,-1
1649753731623125,419.82,295.76,21.10,35.19,-316.1,visible,-1,-1,-1
1649753731643144,424.86,291.09000000000003,19.87,34.24,-323.5,visible,-1,-1,-1
1649753731663152,428.11,293.28999999999996,18.80,34.24,-318.45,visible,-1,-1,-1
1649753731683175,431.35,295.48,17.74,34.24,-313.4,visible,-1,-1,-1
1649753731703197,434.46,294.7,17.74,34.24,-320.0,visible,-1,-1,-1
1649753731723208,437.90,292.76,16.89,34.24,-320.0,visible,-1,-1,-1
1649753731743239,442.03,289.84000000000003,17.49,34.24,-325.9,visible,-1,-1,-1
1649753731763249,442.81,285.94,17.49,34.24,-325.9,visible,-1,-1,-1
1649753731783261,444.86,283.65999999999997,17.49,34.86,-328.3,visible,-1,-1,-1
1649753731803271,446.54,279.53999999999996,16.44,34.86,-328.3,visible,-1,-1,-1
1649753731823281,447.32,274.86,16.44,34.86,-332.8,visible,-1,-1,-1
1649753731843111,450.44,272.53,16.44,34.86,-332.8,visible,-1,-1,-1
1649753731863133,451.99,269.40999999999997,16.44,34.86,-332.8,visible,-1,-1,-1
1649753731883135,452.61,265.06,16.44,34.50,-332.8,visible,-1,-1,-1
1649753731903153,454.30,262.41999999999996,16.44,33.28,-332.8,visible,-1,-1,-1
1649753731923173,456.17,261.02,17.14,33.28,-334.5,visible,-1,-1,-1
1649753731943183,456.25,256.68,17.14,33.28,-334.5,visible,-1,-1,-1
1649753731963199,457.03,255.12,17.14,33.28,-334.5,visible,-1,-1,-1
1649753731983259,455.27,255.06,17.04,33.28,-343.8,visible,-1,-1,-1
1649753732003246,427.68,289.28,19.48,35.33,-321.3,visible,-1,-1,-1
1649753732023247,415.42,305.15999999999997,18.58,32.76,-321.3,visible,-1,-1,-1
1649753732043257,406.63,314.96000000000004,17.60,32.76,-321.3,visible,-1,-1,-1
1649753732063274,396.80,323.33000000000004,18.83,33.55,-316.1,visible,-1,-1,-1
1649753732083119,399.92,322.55,18.83,33.55,-316.1,visible,-1,-1,-1
1649753732103118,400.70,319.44,18.83,33.55,-311.7,visible,-1,-1,-1
1649753732123121,405.37,316.32,18.83,33.55,-311.7,visible,-1,-1,-1
1649753732143151,407.01,314.94,17.79,33.55,-311.7,visible,-1,-1,-1
1649753732163159,410.90,312.61,17.79,33.28,-311.7,visible,-1,-1,-1
1649753732183175,412.46,310.27,17.79,33.28,-311.7,visible,-1,-1,-1
1649753732203184,414.72,307.93,18.83,33.28,-311.3,visible,-1,-1,-1
1649753732223223,418.61,304.82,18.83,33.28,-316.8,visible,-1,-1,-1
1649753732243217,419.17,304.22,18.83,34.10,-316.9,visible,-1,-1,-1
1649753732263262,420.49,304.03,18.00,33.31,-316.9,visible,-1,-1,-1
1649753732283258,424.66,310.40999999999997,15.75,33.31,-316.9,visible,-1,-1,-1
1649753732303268,425.71,311.4,14.30,33.31,-316.9,visible,-1,-1,-1
1649753732323279,430.06,312.55,16.29,33.31,-316.9,visible,-1,-1,-1
1649753732343108,433.18,308.65999999999997,16.29,33.31,-316.9,visible,-1,-1,-1
1649753732363143,437.85,303.98,16.29,33.31,-316.9,visible,-1,-1,-1
1649753732383131,439.41,303.98,16.29,33.31,-316.9,visible,-1,-1,-1
1649753732403175,442.52,300.08000000000004,16.29,33.31,-316.9,visible,-1,-1,-1
1649753732423166,444.31,297.94,16.59,33.31,-319.3,visible,-1,-1,-1
1649753732443176,444.24,295.89,15.07,33.31,-321.2,visible,-1,-1,-1
1649753732463217,444.55,295.5,15.07,32.81,-321.2,visible,-1,-1,-1
1649753732483211,446.24,293.39,15.07,30.36,-321.2,visible,-1,-1,-1
1649753732503230,446.51,292.36,15.61,31.87,-321.3,visible,-1,-1,-1
1649753732523247,447.29,291.58000000000004,15.61,31.87,-321.3,visible,-1,-1,-1
1649753732543285,447.29,289.24,15.61,31.87,-321.3,visible,-1,-1,-1
1649753732563279,448.08,287.38,16.15,31.93,-321.3,visible,-1,-1,-1
1649753732583295,447.30,287.38,16.15,31.93,-324.25,visible,-1,-1,-1
1649753732603125,446.52,287.38,16.15,31.93,-327.2,visible,-1,-1,-1
1649753732623149,445.74,286.6,16.15,31.93,-327.2,visible,-1,-1,-1
1649753732643161,447.42,287.69,14.49,31.93,-327.2,visible,-1,-1,-1
1649753732663160,447.82,287.94,14.13,31.93,-327.2,visible,-1,-1,-1
1649753732683178,448.21,288.19,13.76,31.93,-327.2,visible,-1,-1,-1
1649753732703209,448.48,288.37,14.43,31.93,-323.9,visible,-1,-1,-1
1649753732723202,448.30,288.61,14.43,32.08,-323.9,visible,-1,-1,-1
1649753732743218,448.12,288.86,14.43,32.23,-323.9,visible,-1,-1,-1
1649753732763257,447.80,289.31,14.43,32.79,-323.9,visible,-1,-1,-1
1649753732783250,446.24,290.86,14.43,32.79,-323.9,visible,-1,-1,-1
1649753732803268,450.19,285.78999999999996,14.80,32.67,-323.9,visible,-1,-1,-1
1649753732823305,454.13,280.72,15.17,32.55,-323.9,visible,-1,-1,-1
1649753732843104,458.08,275.65,15.54,32.43,-323.9,visible,-1,-1,-1
1649753732863127,462.03,270.58000000000004,15.91,32.31,-323.9,visible,-1,-1,-1
1649753732883127,480.26,243.52,12.71,32.31,-341.4,visible,-1,-1,-1
1649753732903151,484.16,228.97,11.84,33.28,-345.4,visible,-1,-1,-1
1649753732923162,485.51,229.91,12.05,33.54,-348.1,visible,-1,-1,-1
1649753732943183,491.16,224.13,10.41,32.71,-347.5,visible,-1,-1,-1
1649753732963210,492.26,224.37,9.28,32.71,-347.5,visible,-1,-1,-1
1649753732983210,491.67,225.64,9.33,32.71,-347.5,visible,-1,-1,-1
1649753733003233,491.08,226.91,9.38,32.71,-347.5,visible,-1,-1,-1
1649753733023242,490.49,228.18,9.43,32.71,-347.5,visible,-1,-1,-1
1649753733043258,489.91,229.45,9.47,32.71,-347.5,visible,-1,-1,-1
1649753733063287,489.32,230.72,9.52,32.71,-347.5,visible,-1,-1,-1
1649753733083309,488.73,231.99,9.57,32.71,-347.5,visible,-1,-1,-1
1649753733103111,479.38,242.12,9.57,32.71,-347.5,visible,-1,-1,-1
1649753733123128,447.92,283.52,17.25,32.71,-324.6,visible,-1,-1,-1
1649753733143145,436.35,294.28999999999996,18.65,32.71,-324.6,visible,-1,-1,-1
1649753733163160,433.23,298.96000000000004,18.65,32.71,-324.6,visible,-1,-1,-1
1649753733183176,433.43,299.1,18.46,32.71,-324.6,visible,-1,-1,-1
1649753733203188,433.63,299.24,18.28,32.71,-324.6,visible,-1,-1,-1
1649753733223209,433.83,299.38,18.09,32.71,-324.6,visible,-1,-1,-1
1649753733243244,434.02,299.52,17.91,32.71,-324.6,visible,-1,-1,-1
1649753733263254,434.22,299.65999999999997,17.72,32.71,-324.6,visible,-1,-1,-1
1649753733283248,434.42,299.81,17.54,32.71,-324.6,visible,-1,-1,-1
1649753733303276,443.72,293.26,17.54,31.93,-329.5,visible,-1,-1,-1
1649753733323111,453.02,286.71000000000004,17.54,31.15,-334.4,visible,-1,-1,-1
1649753733343100,473.63,259.57,15.77,31.15,-334.4,visible,-1,-1,-1
1649753733363137,482.88,241.39,12.71,31.15,-350.2,visible,-1,-1,-1
1649753733383149,494.79,213.56,11.29,24.43,-350.2,visible,-1,-1,-1
1649753733403152,495.19,213.63,12.05,24.43,-350.2,visible,-1,-1,-1
1649753733423166,499.46,213.82999999999998,11.28,24.43,-350.2,visible,-1,-1,-1
1649753733443180,499.53,213.45999999999998,11.28,24.85,-350.2,visible,-1,-1,-1
1649753733463206,499.59,213.08999999999997,11.28,25.28,-350.2,visible,-1,-1,-1
1649753733483229,499.84,211.66000000000003,11.28,27.14,-350.2,visible,-1,-1,-1
1649753733503240,499.82,211.79000000000002,12.05,27.14,-350.2,visible,-1,-1,-1
1649753733523241,498.60,210.57999999999998,12.84,27.47,-350.2,visible,-1,-1,-1
1649753733543274,496.26,210.57999999999998,13.24,27.47,-350.2,visible,-1,-1,-1
1649753733563281,492.01,221.69,14.86,27.47,-355.3,visible,-1,-1,-1
1649753733583102,491.23,222.47000000000003,14.86,27.47,-355.3,visible,-1,-1,-1
1649753733603110,489.27,224.06,15.63,27.47,-355.3,visible,-1,-1,-1
1649753733623119,487.71,229.51,15.63,27.47,-355.3,visible,-1,-1,-1
1649753733643198,483.95,232.65,15.63,28.29,-349.9,visible,-1,-1,-1
1649753733663165,484.73,224.08,15.63,28.29,-351.3,visible,-1,-1,-1
1649753733683182,491.00,209.76,12.44,28.29,-356.3,visible,-1,-1,-1
1649753733703208,493.34,209.76,12.44,28.29,-356.3,visible,-1,-1,-1
1649753733723224,492.76,210.35000000000002,12.73,28.29,-356.3,visible,-1,-1,-1
1649753733743222,492.19,210.95,13.02,28.29,-356.3,visible,-1,-1,-1
1649753733763234,491.61,211.55,13.32,28.29,-356.3,visible,-1,-1,-1
1649753733783251,491.04,212.14999999999998,13.61,28.29,-356.3,visible,-1,-1,-1
1649753733803270,489.48,215.26,13.61,28.29,-356.3,visible,-1,-1,-1
1649753733823304,486.41,208.39999999999998,16.34,27.50,-356.3,visible,-1,-1,-1
1649753733843106,484.78,188.06,20.88,29.06,-356.3,visible,-1,-1,-1
1649753733863133,481.66,184.94,20.88,29.06,-356.3,visible,-1,-1,-1
1649753733883126,480.49,184.94,20.88,29.06,-356.3,visible,-1,-1,-1
1649753733903152,479.33,184.94,20.88,29.06,-356.3,visible,-1,-1,-1
1649753733923168,476.89,185.70999999999998,20.88,30.61,-3.2,visible,-1,-1,-1
1649753733943178,476.89,188.82999999999998,20.88,30.61,-3.2,visible,-1,-1,-1
1649753733963198,475.44,190.70999999999998,20.88,32.14,-3.2,visible,-1,-1,-1
1649753733983214,465.40,185.07,24.45,32.14,-3.2,visible,-1,-1,-1
1649753734003241,441.82,187.67000000000002,28.90,33.38,-3.2,visible,-1,-1,-1
1649753734023254,433.27,187.67000000000002,29.27,33.38,-3.2,visible,-1,-1,-1
1649753734043254,433.31,187.62,29.27,33.74,-3.2,visible,-1,-1,-1
1649753734063287,433.42,189.58999999999997,29.27,34.91,-3.2,visible,-1,-1,-1
1649753734083286,436.93,191.76999999999998,26.94,34.91,-3.2,visible,-1,-1,-1
1649753734103118,436.15,195.67000000000002,26.94,34.91,-3.2,visible,-1,-1,-1
1649753734123125,437.34,195.60000000000002,26.15,34.91,-3.2,visible,-1,-1,-1
1649753734143160,435.78,198.68,27.32,34.91,-3.2,visible,-1,-1,-1
1649753734163158,411.62,219.72000000000003,27.32,34.91,-3.2,visible,-1,-1,-1
1649753734183174,389.43,233.94,30.42,34.91,-3.2,visible,-1,-1,-1
1649753734203183,383.97,240.95,30.42,34.91,-3.2,visible,-1,-1,-1
1649753734223199,382.42,240.95,30.42,34.91,-3.2,visible,-1,-1,-1
1649753734243214,386.68,243.66,31.25,36.03,-3.2,visible,-1,-1,-1
1649753734263246,392.13,243.66,31.25,36.03,-356.0,visible,-1,-1,-1
1649753734283257,396.41,243.79,29.71,36.03,-356.0,visible,-1,-1,-1
1649753734303270,398.69,243.79,29.71,36.03,-353.7,visible,-1,-1,-1
1649753734323282,404.15,243.79,29.71,36.03,-353.7,visible,-1,-1,-1
1649753734343116,408.82,242.99,29.71,36.01,-353.7,visible,-1,-1,-1
1649753734363140,413.50,242.99,29.71,36.01,-353.7,visible,-1,-1,-1
1649753734383132,415.81,241.34,28.50,36.01,-353.7,visible,-1,-1,-1
1649753734403161,417.01,239.66,27.01,36.01,-348.8,visible,-1,-1,-1
1649753734423183,409.72,221.17000000000002,28.56,36.01,-348.8,visible,-1,-1,-1
1649753734443198,401.48,194.89999999999998,29.70,36.01,-348.8,visible,-1,-1,-1
1649753734463198,402.85,180.26,29.70,33.35,-348.8,visible,-1,-1,-1
1649753734483207,406.74,173.25,29.70,33.35,-348.8,visible,-1,-1,-1
1649753734503249,409.86,170.13,29.70,33.35,-348.8,visible,-1,-1,-1
1649753734523247,414.10,171.56,29.70,35.25,-348.8,visible,-1,-1,-1
1649753734543256,417.99,174.67000000000002,29.70,35.25,-348.8,visible,-1,-1,-1
1649753734563290,421.89,177.79000000000002,29.70,35.25,-348.8,visible,-1,-1,-1
1649753734583290,424.23,180.13,29.70,35.25,-348.8,visible,-1,-1,-1
1649753734603136,424.58,184.11,27.78,35.25,-357.6,visible,-1,-1,-1
1649753734623130,426.92,184.11,27.78,35.25,-357.6,visible,-1,-1,-1
1649753734643138,430.81,184.14,27.41,35.25,-357.6,visible,-1,-1,-1
1649753734663154,437.77,178.38,23.52,35.25,-15.7,visible,-1,-1,-1
1649753734683186,440.30,181.11,23.81,35.25,-11.77,visible,-1,-1,-1
1649753734703216,442.83,183.83999999999997,24.11,35.25,-7.85,visible,-1,-1,-1
1649753734723238,445.37,186.56,24.40,35.25,-3.93,visible,-1,-1,-1
1649753734963210,426.97,219.45999999999998,27.03,37.80,-351.6,visible,-1,-1,-1
1649753734983235,425.41,219.45999999999998,27.03,37.80,-351.6,visible,-1,-1,-1
1649753735003250,425.36,215.32,27.03,32.83,-351.6,visible,-1,-1,-1
1649753735023262,425.28,180.24,27.03,34.76,-358.1,visible,-1,-1,-1
1649753735043289,427.62,179.45999999999998,27.03,34.76,-6.6,visible,-1,-1,-1
1649753735063309,427.62,179.45999999999998,27.03,34.76,-9.1,visible,-1,-1,-1
1649753735083125,427.79,180.5,27.03,33.71,-9.1,visible,-1,-1,-1
1649753735103134,427.95,181.52999999999997,27.03,32.66,-9.1,visible,-1,-1,-1
1649753735123157,428.33,183.92000000000002,27.03,30.25,-9.1,visible,-1,-1,-1
1649753735143158,430.47,184.23000000000002,27.03,33.06,-9.1,visible,-1,-1,-1
1649753735163177,429.38,186.20999999999998,24.40,33.06,-9.1,visible,-1,-1,-1
1649753735183190,429.38,186.20999999999998,24.40,33.06,-3.7,visible,-1,-1,-1
1649753735203210,430.16,188.60000000000002,24.40,33.06,-3.7,visible,-1,-1,-1
1649753735223230,430.16,190.16000000000003,24.40,33.06,-3.7,visible,-1,-1,-1
1649753735243240,428.60,190.16000000000003,24.40,33.06,-3.7,visible,-1,-1,-1
1649753735263258,409.90,187.8,33.92,36.74,-3.7,visible,-1,-1,-1
1649753735283295,394.75,183.08999999999997,34.21,35.53,-3.7,visible,-1,-1,-1
1649753735303288,395.51,183.60000000000002,33.60,34.97,-3.7,visible,-1,-1,-1
1649753735323114,396.27,184.11,32.99,34.42,-3.7,visible,-1,-1,-1
1649753735343126,397.03,184.62,32.38,33.86,-3.7,visible,-1,-1,-1
1649753735363156,400.55,186.72000000000003,28.86,33.86,-3.7,visible,-1,-1,-1
1649753735383150,402.10,186.79000000000002,27.30,33.86,-357.6,visible,-1,-1,-1
1649753735403178,400.54,189.91000000000003,27.30,33.86,-357.6,visible,-1,-1,-1
1649753735423181,400.54,187.57,27.30,33.86,-357.6,visible,-1,-1,-1
1649753735443213,398.45,170.85000000000002,27.30,28.40,-7.7,visible,-1,-1,-1
1649753735463219,396.89,164.62,27.30,28.40,-7.7,visible,-1,-1,-1
1649753735483243,396.80,163.95,27.30,29.20,-7.7,visible,-1,-1,-1
1649753735503243,396.71,163.29000000000002,27.30,30.00,-7.7,visible,-1,-1,-1
1649753735523262,396.62,162.63,27.30,30.81,-7.7,visible,-1,-1,-1
1649753735543295,395.85,161.45999999999998,27.91,32.07,-7.7,visible,-1,-1,-1
1649753735563295,395.85,161.51,27.72,32.04,-7.7,visible,-1,-1,-1
1649753735583106,395.84,161.57,27.53,32.01,-7.7,visible,-1,-1,-1
1649753735603133,398.18,161.56,27.53,32.01,-7.7,visible,-1,-1,-1
1649753735623153,396.84,165.75,24.58,32.01,-34.5,visible,-1,-1,-1
1649753735643158,391.47,177.92000000000002,25.22,32.01,-34.5,visible,-1,-1,-1
1649753735663169,390.06,182.76,27.26,33.28,-34.5,visible,-1,-1,-1
1649753735683189,390.06,182.76,27.26,33.21,-34.5,visible,-1,-1,-1
1649753735703206,390.06,182.76,27.26,33.14,-34.5,visible,-1,-1,-1
1649753735723249,390.06,182.76,27.26,33.07,-34.5,visible,-1,-1,-1
1649753735743230,389.88,182.88,26.97,33.07,-34.5,visible,-1,-1,-1
1649753735763255,389.71,183.0,26.68,33.07,-34.5,visible,-1,-1,-1
1649753735783286,389.53,183.12,26.39,33.07,-34.5,visible,-1,-1,-1
1649753735803308,389.35,183.25,26.10,33.07,-34.5,visible,-1,-1,-1
1649753735823295,389.45,186.02999999999997,26.97,33.07,-24.1,visible,-1,-1,-1
1649753735843118,389.55,188.81,27.83,33.07,-13.7,visible,-1,-1,-1
1649753735863127,411.18,218.48000000000002,27.83,35.45,-2.1,visible,-1,-1,-1
1649753735883159,422.09,237.16,24.50,31.39,-347.0,visible,-1,-1,-1
1649753735903173,422.87,241.06,24.50,31.39,-347.0,visible,-1,-1,-1
1649753735923176,424.43,241.84,24.50,31.39,-347.0,visible,-1,-1,-1
1649753735943205,424.46,241.84,24.31,31.55,-346.0,visible,-1,-1,-1
1649753735963218,424.48,241.85,24.11,31.71,-345.0,visible,-1,-1,-1
1649753735983248,424.51,241.86,23.92,31.87,-344.0,visible,-1,-1,-1
1649753736003249,424.54,241.86,23.72,32.03,-343.0,visible,-1,-1,-1
1649753736023256,424.56,241.87,23.53,32.19,-342.0,visible,-1,-1,-1
1649753736043104,424.59,241.87,23.33,32.35,-341.0,visible,-1,-1,-1
1649753736063105,426.08,242.01,22.87,32.51,-339.1,visible,-1,-1,-1
1649753736083120,427.14,240.53,22.87,32.51,-339.1,visible,-1,-1,-1
1649753736103140,428.21,239.04,22.87,32.51,-339.1,visible,-1,-1,-1
1649753736123144,429.27,237.55,22.87,32.51,-339.1,visible,-1,-1,-1
1649753736143185,430.33,236.06,22.87,32.51,-339.1,visible,-1,-1,-1
1649753736163175,431.39,234.57,22.87,32.51,-339.1,visible,-1,-1,-1
1649753736183193,432.46,233.09,22.87,32.51,-339.1,visible,-1,-1,-1
1649753736203201,433.52,231.6,22.87,32.51,-339.1,visible,-1,-1,-1
1649753736223231,434.58,230.11,22.87,32.51,-339.1,visible,-1,-1,-1
1649753736243240,435.65,228.62,22.87,32.51,-339.1,visible,-1,-1,-1
1649753736263256,436.71,227.14,22.87,32.51,-339.1,visible,-1,-1,-1
1649753736283279,437.77,225.65,22.87,32.51,-339.1,visible,-1,-1,-1
1649753736303281,449.46,212.39999999999998,22.87,32.51,-359.5,visible,-1,-1,-1
1649753736323103,465.01,204.26999999999998,16.25,26.71,-359.5,visible,-1,-1,-1
1649753736343113,472.79,186.74,16.25,25.54,-359.5,visible,-1,-1,-1
1649753736363129,475.94,175.01999999999998,16.25,27.12,-358.8,visible,-1,-1,-1
1649753736383144,481.39,167.23000000000002,16.25,27.12,-358.8,visible,-1,-1,-1
1649753736403161,485.79,164.35000000000002,13.35,27.12,-355.3,visible,-1,-1,-1
1649753736423179,489.33,161.99,10.77,24.94,-355.3,visible,-1,-1,-1
1649753736443195,489.33,161.99,10.77,24.94,-5.4,visible,-1,-1,-1
1649753736463211,489.38,162.5,10.77,25.40,-5.4,visible,-1,-1,-1
1649753736483224,489.42,163.01999999999998,10.77,25.85,-5.4,visible,-1,-1,-1
1649753736503243,489.47,163.52999999999997,10.77,26.31,-5.4,visible,-1,-1,-1
1649753736523260,489.52,164.04000000000002,10.77,26.76,-5.4,visible,-1,-1,-1
1649753736543273,489.57,164.55,10.77,27.22,-5.4,visible,-1,-1,-1
1649753736563291,489.62,165.06,10.77,27.67,-5.4,visible,-1,-1,-1
1649753736583119,487.65,165.25,12.35,27.67,-5.4,visible,-1,-1,-1
1649753736603127,488.03,169.13,13.13,27.66,-359.7,visible,-1,-1,-1
1649753736623144,486.74,165.10000000000002,13.14,27.40,-1.4,visible,-1,-1,-1
1649753736643170,485.45,161.06,13.14,27.14,-3.1,visible,-1,-1,-1
1649753736663178,484.16,157.02999999999997,13.15,26.87,-4.8,visible,-1,-1,-1
1649753736683207,485.75,146.07999999999998,12.35,23.04,-4.8,visible,-1,-1,-1
1649753736703203,485.74,142.18,12.35,23.04,-4.8,visible,-1,-1,-1
1649753736723216,485.80,142.91000000000003,12.35,21.96,-4.8,visible,-1,-1,-1
1649753736743276,484.64,144.47000000000003,12.35,21.96,-4.85,visible,-1,-1,-1
1649753736763249,483.47,146.01999999999998,12.35,21.96,-4.9,visible,-1,-1,-1
1649753736783288,481.62,147.36,13.91,23.13,-4.9,visible,-1,-1,-1
1649753736803104,480.06,148.14,13.91,23.13,-4.9,visible,-1,-1,-1
1649753736823106,477.09,153.41000000000003,15.48,24.69,-4.9,visible,-1,-1,-1
1649753736843132,477.09,152.63,15.48,24.69,-4.9,visible,-1,-1,-1
1649753736863131,477.09,151.85000000000002,15.48,24.69,-4.9,visible,-1,-1,-1
1649753736883154,480.26,148.54000000000002,12.43,22.02,-4.9,visible,-1,-1,-1
1649753736903163,480.23,148.55,12.45,22.02,-4.9,visible,-1,-1,-1
1649753736923205,480.51,149.54000000000002,12.63,22.83,-4.9,visible,-1,-1,-1
1649753736943195,480.78,150.52999999999997,12.82,23.64,-4.9,visible,-1,-1,-1
1649753736963208,482.34,152.87,12.82,23.64,-4.9,visible,-1,-1,-1
1649753736983231,482.13,153.67000000000002,12.96,24.42,-4.9,visible,-1,-1,-1
1649753737003264,481.93,154.47000000000003,13.09,25.20,-4.9,visible,-1,-1,-1
1649753737023263,481.73,155.26999999999998,13.23,25.99,-4.9,visible,-1,-1,-1
1649753737043300,481.21,155.25,13.61,25.99,-4.9,visible,-1,-1,-1
1649753737063305,480.69,155.23000000000002,13.99,25.99,-4.9,visible,-1,-1,-1
1649753737083138,480.18,155.20999999999998,14.37,25.99,-4.9,visible,-1,-1,-1
1649753737103119,480.22,155.66000000000003,14.37,26.41,-4.9,visible,-1,-1,-1
1649753737123143,480.25,156.11,14.37,26.84,-4.9,visible,-1,-1,-1
1649753737143157,479.32,165.39999999999998,15.17,26.84,-4.9,visible,-1,-1,-1
1649753737163197,478.38,174.7,15.97,26.84,-4.9,visible,-1,-1,-1
1649753737183201,475.30,202.01,19.60,28.00,-355.9,visible,-1,-1,-1
1649753737203202,471.55,214.31,17.62,30.40,-355.9,visible,-1,-1,-1
1649753737223221,471.79,214.32,17.46,30.40,-355.9,visible,-1,-1,-1
1649753737243259,472.03,214.33999999999997,17.31,30.40,-355.9,visible,-1,-1,-1
1649753737263254,472.26,214.36,17.15,30.40,-355.9,visible,-1,-1,-1
1649753737283274,472.50,214.37,16.99,30.40,-355.9,visible,-1,-1,-1
1649753737303292,472.74,214.39,16.84,30.40,-355.9,visible,-1,-1,-1
1649753737323103,472.98,213.92000000000002,16.69,30.40,-355.9,visible,-1,-1,-1
1649753737343118,473.22,213.44,16.55,30.40,-355.9,visible,-1,-1,-1
1649753737363139,473.46,212.95999999999998,16.40,30.40,-355.9,visible,-1,-1,-1
1649753737383144,473.70,212.49,16.26,30.40,-355.9,visible,-1,-1,-1
1649753737403180,473.95,212.01,16.11,30.40,-355.9,visible,-1,-1,-1
1649753737423182,474.19,211.52999999999997,15.97,30.40,-355.9,visible,-1,-1,-1
1649753737443198,474.43,211.06,15.82,30.40,-355.9,visible,-1,-1,-1
1649753737463229,474.67,210.57999999999998,15.68,30.40,-355.9,visible,-1,-1,-1
1649753737483224,474.67,210.57999999999998,15.68,30.40,-355.77,visible,-1,-1,-1
1649753737503246,474.67,210.57999999999998,15.68,30.40,-355.65,visible,-1,-1,-1
1649753737523265,474.67,210.57999999999998,15.68,30.40,-355.52,visible,-1,-1,-1
1649753737543297,474.67,210.57999999999998,15.68,30.40,-355.39,visible,-1,-1,-1
1649753737563311,474.67,210.57999999999998,15.68,30.40,-355.26,visible,-1,-1,-1
1649753737583106,474.67,210.57999999999998,15.68,30.40,-355.14,visible,-1,-1,-1
1649753737603122,474.67,210.57999999999998,15.68,30.40,-355.01,visible,-1,-1,-1
1649753737623183,474.67,210.57999999999998,15.68,30.40,-354.88,visible,-1,-1,-1
1649753737643166,474.67,210.57999999999998,15.68,30.40,-354.75,visible,-1,-1,-1
1649753737663168,474.67,210.57999999999998,15.68,30.40,-354.63,visible,-1,-1,-1
1649753737683184,474.67,210.57999999999998,15.68,30.40,-354.5,visible,-1,-1,-1
1649753737703243,475.47,210.66000000000003,15.28,30.40,-354.5,visible,-1,-1,-1
1649753737723224,475.87,210.69,14.87,30.40,-354.5,visible,-1,-1,-1
1649753737743239,475.87,212.25,14.87,30.40,-354.5,visible,-1,-1,-1
1649753737763262,477.43,214.58999999999997,14.87,30.40,-350.9,visible,-1,-1,-1
1649753737783278,477.61,219.01999999999998,13.72,28.85,-350.9,visible,-1,-1,-1
1649753737803129,478.39,222.14,13.72,28.85,-350.9,visible,-1,-1,-1
1649753737823117,478.39,225.25,13.72,28.85,-350.9,visible,-1,-1,-1
1649753737843126,478.56,228.55,12.87,30.05,-350.9,visible,-1,-1,-1
1649753737863151,478.25,232.58,13.71,30.05,-343.5,visible,-1,-1,-1
1649753737883158,477.73,234.66,13.71,30.05,-343.6,visible,-1,-1,-1
1649753737903172,477.22,236.74,13.71,30.05,-343.7,visible,-1,-1,-1
1649753737923182,476.70,238.81,13.71,30.05,-343.8,visible,-1,-1,-1
1649753737943214,476.70,240.37,13.71,30.05,-344.4,visible,-1,-1,-1
1649753737963214,477.00,242.97,12.23,28.65,-343.8,visible,-1,-1,-1
1649753737983226,476.24,246.32,11.70,28.65,-343.8,visible,-1,-1,-1
1649753738003244,475.96,247.86,11.53,28.65,-343.8,visible,-1,-1,-1
1649753738023258,474.19,248.96,12.41,28.65,-343.8,visible,-1,-1,-1
1649753738043278,473.72,250.06,13.16,28.65,-343.8,visible,-1,-1,-1
1649753738063290,473.21,254.26,12.54,27.99,-343.8,visible,-1,-1,-1
1649753738083110,472.88,254.17,13.14,27.55,-343.8,visible,-1,-1,-1
1649753738103126,470.50,255.83,12.60,28.65,-339.55,visible,-1,-1,-1
1649753738123157,472.32,253.74,11.05,28.65,-335.3,visible,-1,-1,-1
1649753738143175,471.00,255.86,12.70,28.65,-335.3,visible,-1,-1,-1
1649753738163192,471.28,258.7,12.10,28.65,-335.3,visible,-1,-1,-1
1649753738183198,469.39,258.85,10.66,28.65,-335.3,visible,-1,-1,-1
1649753738203212,467.50,258.99,9.22,28.65,-335.3,visible,-1,-1,-1
1649753738223247,462.09,262.63,9.80,28.65,-335.3,visible,-1,-1,-1
1649753738243236,442.60,274.22,17.59,41.61,-325.6,visible,-1,-1,-1
1649753738263266,427.67,282.86,22.25,48.33,-318.4,visible,-1,-1,-1
1649753738283278,396.26,300.32,22.25,42.71,-310.3,visible,-1,-1,-1
1649753738303106,381.36,305.0,24.71,45.07,-301.6,visible,-1,-1,-1
1649753738323120,369.67,311.24,24.71,45.07,-301.6,visible,-1,-1,-1
1649753738343127,363.76,315.35,24.71,37.57,-301.6,visible,-1,-1,-1
1649753738363130,375.45,309.89,24.71,37.57,-306.6,visible,-1,-1,-1
1649753738383159,380.12,307.98,21.58,35.99,-306.6,visible,-1,-1,-1
1649753738403165,385.57,304.86,21.58,35.99,-306.6,visible,-1,-1,-1
1649753738423184,391.81,302.52,21.58,35.99,-306.6,visible,-1,-1,-1